mouse_x,mouse_y,click_left,click_right,scroll,w,a,s,d,r,q,e,b,1,2,3,4,5,6,7,8,9,0,shift,space,ctrl,img_path
-0.0,-0.0,0,0,0,0,0,0,0,0,0,0,0,0,0,0,0,0,0,0,0,0,0,0,0,0,./data/./1678773194-747264600/1678773214-951527800.png
-0.0,-0.0,0,0,0,0,0,0,0,0,0,0,0,0,0,0,0,0,0,0,0,0,0,0,0,0,./data/./1678773194-747264600/1678773215-071207300.png
-0.0,-0.0,0,0,0,0,0,0,0,0,0,0,0,0,0,0,0,0,0,0,0,0,0,0,0,0,./data/./1678773194-747264600/1678773215-205846500.png
-0.0,-0.0,0,0,0,0,0,0,0,0,0,0,0,0,0,0,0,0,0,0,0,0,0,0,0,0,./data/./1678773194-747264600/1678773215-342481400.png
60.0,200.0,0,0,0,0,0,0,0,0,0,0,0,0,0,0,0,0,0,0,0,0,0,0,0,0,./data/./1678773194-747264600/1678773215-491599000.png
2.0,20.0,0,0,0,0,0,0,0,0,0,0,0,0,0,0,0,0,0,0,0,0,0,0,0,0,./data/./1678773194-747264600/1678773215-588340800.png
10.0,-2.0,0,0,0,0,0,0,0,0,0,0,0,0,0,0,0,0,0,0,0,0,0,0,0,0,./data/./1678773194-747264600/1678773215-709107600.png
-100.0,-100.0,0,0,0,0,0,0,0,0,0,0,0,0,0,0,0,0,0,0,0,0,0,0,0,0,./data/./1678773194-747264600/1678773215-810514200.png
-60.0,-10.0,0,0,0,0,0,0,0,0,0,0,0,0,0,0,0,0,0,0,0,0,0,0,0,0,./data/./1678773194-747264600/1678773215-919223300.png
-20.0,-4.0,0,0,0,0,0,0,0,0,0,0,0,0,0,0,0,0,0,0,0,0,0,0,0,0,./data/./1678773194-747264600/1678773216-014968200.png
-10.0,-0.0,0,0,0,0,0,0,0,0,0,0,0,0,0,0,0,0,0,0,0,0,0,0,0,0,./data/./1678773194-747264600/1678773216-145202600.png
-10.0,-0.0,0,0,0,0,0,0,0,0,0,0,0,0,0,0,0,0,0,0,0,0,0,0,0,0,./data/./1678773194-747264600/1678773216-278368200.png
-4.0,-0.0,0,0,0,0,0,0,0,0,0,0,0,0,0,0,0,0,0,0,0,0,0,0,0,0,./data/./1678773194-747264600/1678773216-404541300.png
2.0,-2.0,0,0,0,0,0,0,0,0,0,0,0,0,0,0,0,0,0,0,0,0,0,0,0,0,./data/./1678773194-747264600/1678773216-500289700.png
100.0,4.0,0,0,0,0,0,0,0,0,0,0,0,0,0,0,0,0,0,0,0,0,0,0,0,0,./data/./1678773194-747264600/1678773216-598023700.png
100.0,4.0,0,0,0,0,0,0,0,0,0,0,0,0,0,0,0,0,0,0,0,0,0,0,0,0,./data/./1678773194-747264600/1678773216-708728300.png
4.0,-0.0,0,0,0,0,0,0,0,0,0,0,0,0,0,0,0,0,0,0,0,0,0,0,0,0,./data/./1678773194-747264600/1678773216-810455000.png
-0.0,-0.0,1,0,0,0,0,0,0,0,0,0,0,0,0,0,0,0,0,0,0,0,0,0,0,0,./data/./1678773194-747264600/1678773216-940107800.png
-0.0,-0.0,0,0,0,0,0,0,0,0,0,0,0,0,0,0,0,0,0,0,0,0,0,0,0,0,./data/./1678773194-747264600/1678773217-080733300.png
-0.0,-0.0,0,0,0,0,0,0,0,0,0,0,0,0,0,0,0,0,0,0,0,0,0,0,0,0,./data/./1678773194-747264600/1678773217-202406600.png
-0.0,-0.0,0,0,0,0,0,0,0,0,0,0,0,0,0,0,0,0,0,0,0,0,0,0,0,0,./data/./1678773194-747264600/1678773217-339550700.png
-0.0,-0.0,0,0,0,0,0,0,0,0,0,0,0,0,0,0,0,0,0,0,0,0,0,0,0,0,./data/./1678773194-747264600/1678773217-443273000.png
-0.0,-0.0,0,0,0,0,0,0,0,0,0,0,0,0,0,0,0,0,0,0,0,0,0,0,0,0,./data/./1678773194-747264600/1678773217-548991000.png
-0.0,-0.0,0,0,0,0,0,0,0,0,0,0,0,0,0,0,0,0,0,0,0,0,0,0,0,0,./data/./1678773194-747264600/1678773217-640745200.png
-0.0,-0.0,0,0,0,0,0,0,0,0,0,0,0,0,0,0,0,0,0,0,0,0,0,0,0,0,./data/./1678773194-747264600/1678773217-753444400.png
-0.0,-0.0,0,0,0,1,0,0,0,0,0,0,0,0,0,0,0,0,0,0,0,0,0,0,0,0,./data/./1678773194-747264600/1678773217-830238800.png
-0.0,-0.0,0,0,0,1,0,0,0,0,0,0,0,0,0,0,0,0,0,0,0,0,0,0,0,0,./data/./1678773194-747264600/1678773217-956899400.png
-4.0,-2.0,0,0,0,1,0,0,0,0,0,0,0,0,0,0,0,0,0,0,0,0,0,0,0,0,./data/./1678773194-747264600/1678773218-058627000.png
4.0,2.0,0,0,0,1,0,0,0,0,0,0,0,0,0,0,0,0,0,0,0,0,0,0,0,0,./data/./1678773194-747264600/1678773218-162351000.png
30.0,-4.0,0,0,0,1,0,0,0,0,0,0,0,0,0,0,0,0,0,0,0,0,0,0,0,0,./data/./1678773194-747264600/1678773218-271059000.png
-0.0,-0.0,0,0,0,0,0,0,0,0,0,0,0,0,0,0,0,0,0,0,0,0,0,0,0,0,./data/./1678773194-747264600/1678773218-369794100.png
-0.0,-0.0,0,0,0,0,0,0,0,0,0,0,0,0,0,0,0,0,0,0,0,0,0,0,0,0,./data/./1678773194-747264600/1678773218-528371800.png
-0.0,-0.0,0,0,0,0,0,0,0,0,0,0,0,0,0,0,0,0,0,0,0,0,0,0,0,0,./data/./1678773194-747264600/1678773218-663519400.png
-0.0,-0.0,0,0,0,0,0,0,0,0,0,0,0,0,0,0,0,0,0,0,0,0,0,0,0,0,./data/./1678773194-747264600/1678773218-767756200.png
-0.0,-0.0,0,0,0,0,0,0,0,0,0,0,0,0,0,0,0,0,0,0,0,0,0,0,0,0,./data/./1678773194-747264600/1678773218-855521700.png
-0.0,-0.0,0,0,0,0,0,0,0,0,0,0,0,0,0,0,0,0,0,0,0,0,0,0,0,0,./data/./1678773194-747264600/1678773218-980187200.png
-0.0,-0.0,0,0,0,0,0,0,0,0,0,0,0,0,0,0,0,0,0,0,0,0,0,0,0,0,./data/./1678773194-747264600/1678773219-097873000.png
-0.0,-0.0,0,0,0,0,0,0,0,0,0,0,0,0,0,0,0,0,0,0,0,0,0,0,0,0,./data/./1678773194-747264600/1678773219-225530600.png
-0.0,-0.0,0,0,0,0,0,0,0,0,0,0,0,0,0,0,0,0,0,0,0,0,0,0,0,0,./data/./1678773194-747264600/1678773219-325776300.png
-0.0,-0.0,0,0,0,0,0,0,0,0,0,0,0,0,0,0,0,0,0,0,0,0,0,0,0,0,./data/./1678773194-747264600/1678773219-443461200.png
-0.0,-0.0,0,0,0,0,0,0,0,0,0,0,0,0,0,0,0,0,0,0,0,0,0,0,0,0,./data/./1678773194-747264600/1678773219-529231500.png
-0.0,-0.0,0,0,0,0,0,0,0,0,0,0,0,0,0,0,0,0,0,0,0,0,0,0,0,0,./data/./1678773194-747264600/1678773219-649909000.png
-0.0,-0.0,0,0,0,0,0,0,0,0,0,0,0,0,0,0,0,0,0,0,0,0,0,0,0,0,./data/./1678773194-747264600/1678773219-731692300.png
-0.0,-0.0,0,0,0,0,0,0,0,0,0,0,0,0,0,0,0,0,0,0,0,0,0,0,0,0,./data/./1678773194-747264600/1678773219-859348500.png
-0.0,-0.0,0,0,0,0,0,0,0,0,0,0,0,0,0,0,0,0,0,0,0,0,0,0,0,0,./data/./1678773194-747264600/1678773219-982021000.png
-0.0,-0.0,0,0,0,0,0,0,0,0,0,0,0,0,0,0,0,0,0,0,0,0,0,0,0,0,./data/./1678773194-747264600/1678773220-114666200.png
-0.0,-0.0,0,0,0,0,0,0,0,0,0,0,0,0,0,0,0,0,0,0,0,0,0,0,0,0,./data/./1678773194-747264600/1678773220-224372400.png
-0.0,-0.0,0,0,0,0,0,0,0,0,0,0,0,0,0,0,0,0,0,0,0,0,0,0,0,0,./data/./1678773194-747264600/1678773220-344564000.png
-0.0,-0.0,0,0,0,0,0,0,0,0,0,0,0,0,0,0,0,0,0,0,0,0,0,0,0,0,./data/./1678773194-747264600/1678773220-448285000.png
-0.0,-0.0,0,0,0,0,0,0,0,0,0,0,0,0,0,0,0,0,0,0,0,0,0,0,0,0,./data/./1678773194-747264600/1678773220-529717700.png
-0.0,-0.0,0,0,0,0,0,0,0,0,0,0,0,0,0,0,0,0,0,0,0,0,0,0,0,0,./data/./1678773194-747264600/1678773220-656379700.png
-0.0,-0.0,0,0,0,0,0,0,0,0,0,0,0,0,0,0,0,0,0,0,0,0,0,0,0,0,./data/./1678773194-747264600/1678773220-738160400.png
-0.0,-0.0,0,0,0,1,0,0,0,0,0,0,0,0,0,0,0,0,0,0,0,0,0,0,0,0,./data/./1678773194-747264600/1678773220-857839600.png
-0.0,-0.0,0,0,0,1,0,0,0,0,0,0,0,0,0,0,0,0,0,0,0,0,0,0,0,0,./data/./1678773194-747264600/1678773220-976552000.png
-0.0,-0.0,0,0,0,1,0,0,0,0,0,0,0,0,0,0,0,0,0,0,0,0,0,0,0,0,./data/./1678773194-747264600/1678773221-119171000.png
-0.0,-0.0,0,0,0,1,0,0,0,0,0,0,0,0,0,0,0,0,0,0,0,0,0,0,0,0,./data/./1678773194-747264600/1678773221-231869000.png
-0.0,-0.0,0,0,0,1,0,0,0,0,0,0,0,0,0,0,0,0,0,0,0,0,0,0,0,0,./data/./1678773194-747264600/1678773221-314648400.png
-0.0,-0.0,0,0,0,1,0,0,0,0,0,0,0,0,0,0,0,0,0,0,0,0,0,0,0,0,./data/./1678773194-747264600/1678773221-423355300.png
-0.0,-0.0,0,0,0,1,0,0,0,0,0,0,0,0,0,0,0,0,0,0,0,0,0,0,0,0,./data/./1678773194-747264600/1678773221-517116800.png
-0.0,-0.0,0,0,0,1,0,0,0,0,0,0,0,0,0,0,0,0,0,0,0,0,0,0,0,0,./data/./1678773194-747264600/1678773221-607862200.png
-0.0,-0.0,0,0,0,1,0,0,0,0,0,0,0,0,0,0,0,0,0,0,0,0,0,0,0,0,./data/./1678773194-747264600/1678773221-699617400.png
-0.0,-0.0,0,0,0,1,0,0,0,0,0,0,0,0,0,0,0,0,0,0,0,0,0,0,0,0,./data/./1678773194-747264600/1678773221-794364000.png
-0.0,-0.0,0,0,0,1,0,0,0,0,0,0,0,0,0,0,0,0,0,0,0,0,0,0,0,0,./data/./1678773194-747264600/1678773221-925313200.png
-4.0,-2.0,0,0,0,1,0,0,0,0,0,0,0,0,0,0,0,0,0,0,0,0,0,0,0,0,./data/./1678773194-747264600/1678773222-006098700.png
4.0,-0.0,0,0,0,1,0,0,0,0,0,0,0,0,0,0,0,0,0,0,0,0,0,0,0,0,./data/./1678773194-747264600/1678773222-125778000.png
-0.0,-0.0,0,0,0,1,0,0,0,0,0,0,0,0,0,0,0,0,0,0,0,0,0,0,0,0,./data/./1678773194-747264600/1678773222-274379300.png
-0.0,-0.0,0,0,0,1,0,0,0,0,0,0,0,0,0,0,0,0,0,0,0,0,0,0,0,0,./data/./1678773194-747264600/1678773222-446918200.png
-0.0,-0.0,0,0,0,1,0,0,0,0,0,0,0,0,0,0,0,0,0,0,0,0,0,0,0,0,./data/./1678773194-747264600/1678773222-569104700.png
-0.0,-0.0,0,0,0,1,0,0,0,0,0,0,0,0,0,0,0,0,0,0,0,0,0,0,0,0,./data/./1678773194-747264600/1678773222-669361600.png
-0.0,-0.0,0,0,0,1,0,0,0,0,0,0,0,0,0,0,0,0,0,0,0,0,0,0,0,0,./data/./1678773194-747264600/1678773222-843408000.png
-0.0,-0.0,0,0,0,1,0,0,0,0,0,0,0,0,0,0,0,0,0,0,0,0,0,0,0,0,./data/./1678773194-747264600/1678773223-008964800.png
10.0,-2.0,0,0,0,1,0,0,0,0,0,0,0,0,0,0,0,0,0,0,0,0,0,0,0,0,./data/./1678773194-747264600/1678773223-146597000.png
-0.0,-0.0,0,0,0,1,0,0,1,0,0,0,0,0,0,0,0,0,0,0,0,0,0,0,0,0,./data/./1678773194-747264600/1678773223-266277000.png
-0.0,-0.0,0,0,0,1,0,0,1,0,0,0,0,0,0,0,0,0,0,0,0,0,0,0,0,0,./data/./1678773194-747264600/1678773223-382966800.png
200.0,-2.0,0,0,0,0,0,0,1,0,0,0,0,0,0,0,0,0,0,0,0,0,0,0,0,0,./data/./1678773194-747264600/1678773223-500650000.png
-0.0,-0.0,0,0,0,0,0,0,1,0,0,0,0,0,0,0,0,0,0,0,0,0,0,0,0,0,./data/./1678773194-747264600/1678773223-661219600.png
-0.0,-0.0,0,0,0,0,0,0,1,0,0,0,0,0,0,0,0,0,0,0,0,0,0,0,0,0,./data/./1678773194-747264600/1678773223-770927700.png
10.0,-0.0,0,0,0,0,0,0,1,0,0,0,0,0,0,0,0,0,0,0,0,0,0,0,0,0,./data/./1678773194-747264600/1678773223-876643200.png
-0.0,-0.0,0,0,0,0,0,0,1,0,0,0,0,0,0,0,0,0,0,0,0,0,0,0,0,0,./data/./1678773194-747264600/1678773223-957428700.png
-0.0,-0.0,0,0,0,0,0,0,1,0,0,0,0,0,0,0,0,0,0,0,0,0,0,0,0,0,./data/./1678773194-747264600/1678773224-037213800.png
30.0,-0.0,0,0,0,0,0,0,1,0,0,0,0,0,0,0,0,0,0,0,0,0,0,0,0,0,./data/./1678773194-747264600/1678773224-216764700.png
-200.0,50.0,0,0,0,1,0,0,1,0,0,0,0,0,0,0,0,0,0,0,0,0,0,0,0,0,./data/./1678773194-747264600/1678773224-357388300.png
-0.0,-0.0,0,0,0,1,0,0,0,0,0,0,0,0,0,0,0,0,0,0,0,0,0,0,0,0,./data/./1678773194-747264600/1678773224-467094200.png
-0.0,-0.0,0,0,0,1,0,0,1,0,0,0,0,0,0,0,0,0,0,0,0,0,0,0,0,0,./data/./1678773194-747264600/1678773224-596748400.png
-0.0,-0.0,0,0,0,1,0,0,1,0,0,0,0,0,0,0,0,0,0,0,0,0,0,0,0,0,./data/./1678773194-747264600/1678773224-731387000.png
-0.0,-0.0,0,0,0,1,0,0,1,0,0,0,0,0,0,0,0,0,0,0,0,0,0,0,0,0,./data/./1678773194-747264600/1678773224-911418400.png
-0.0,-0.0,0,0,0,1,0,0,1,0,0,0,0,0,0,0,0,0,0,0,0,0,0,0,0,0,./data/./1678773194-747264600/1678773225-037082200.png
-0.0,-0.0,0,0,0,1,0,0,1,0,0,0,0,0,0,0,0,0,0,0,0,0,0,0,0,0,./data/./1678773194-747264600/1678773225-134334300.png
-0.0,-0.0,0,0,0,1,0,0,1,0,0,0,0,0,0,0,0,0,0,0,0,0,0,0,0,0,./data/./1678773194-747264600/1678773225-256521000.png
-200.0,50.0,0,0,0,1,0,0,1,0,0,0,0,0,0,0,0,0,0,0,0,0,0,0,0,0,./data/./1678773194-747264600/1678773225-399139400.png
200.0,-50.0,0,0,0,0,0,0,1,0,0,0,0,0,0,0,0,0,0,0,0,0,0,0,0,0,./data/./1678773194-747264600/1678773225-517831600.png
-0.0,-0.0,0,0,0,0,0,0,1,0,0,0,0,0,0,0,0,0,0,0,0,0,0,0,0,0,./data/./1678773194-747264600/1678773225-648485200.png
-0.0,-0.0,0,0,0,0,0,0,1,0,0,0,0,0,0,0,0,0,0,0,0,0,0,0,0,0,./data/./1678773194-747264600/1678773225-721287700.png
-0.0,-0.0,0,0,0,0,0,0,1,0,0,0,0,0,0,0,0,0,0,0,0,0,0,0,0,0,./data/./1678773194-747264600/1678773225-838485700.png
-0.0,-0.0,0,0,0,0,0,0,1,0,0,0,0,0,0,0,0,0,0,0,0,0,0,0,0,0,./data/./1678773194-747264600/1678773225-928245500.png
-0.0,-0.0,0,0,0,0,0,0,1,0,0,0,0,0,0,0,0,0,0,0,0,0,0,0,0,0,./data/./1678773194-747264600/1678773226-035959500.png
-100.0,20.0,0,0,0,0,0,0,1,0,0,0,0,0,0,0,0,0,0,0,0,0,0,0,0,0,./data/./1678773194-747264600/1678773226-175584000.png
60.0,-4.0,0,0,0,0,0,0,1,0,0,0,0,0,0,0,0,0,0,0,0,0,0,0,0,0,./data/./1678773194-747264600/1678773226-312220000.png
30.0,-10.0,0,0,0,1,0,0,0,0,0,0,0,0,0,0,0,0,0,0,0,0,0,0,0,0,./data/./1678773194-747264600/1678773226-386022300.png
-0.0,-0.0,0,0,0,1,0,0,0,0,0,0,0,0,0,0,0,0,0,0,0,0,0,0,0,0,./data/./1678773194-747264600/1678773226-476778700.png
-0.0,-0.0,0,0,0,1,0,0,0,0,0,0,0,0,0,0,0,0,0,0,0,0,0,0,0,0,./data/./1678773194-747264600/1678773226-608426600.png
-0.0,-0.0,0,0,0,1,0,0,0,0,0,0,0,0,0,0,0,0,0,0,0,0,0,0,0,0,./data/./1678773194-747264600/1678773226-728105800.png
-0.0,-0.0,0,0,0,1,0,0,0,0,0,0,0,0,0,0,0,0,0,0,0,0,0,0,0,0,./data/./1678773194-747264600/1678773226-827841000.png
-0.0,-0.0,0,0,0,1,1,0,0,0,0,0,0,0,0,0,0,0,0,0,0,0,0,0,0,0,./data/./1678773194-747264600/1678773226-900644000.png
-0.0,-0.0,0,0,0,1,0,0,0,0,0,0,0,0,0,0,0,0,0,0,0,0,0,0,0,0,./data/./1678773194-747264600/1678773227-007358800.png
-0.0,-0.0,0,0,0,1,0,0,0,0,0,0,0,0,0,0,0,0,0,0,0,0,0,0,1,0,./data/./1678773194-747264600/1678773227-149978400.png
-0.0,-0.0,0,0,0,1,0,0,0,0,0,0,0,0,0,0,0,0,0,0,0,0,0,0,0,0,./data/./1678773194-747264600/1678773227-296103700.png
-0.0,-0.0,0,0,0,1,1,0,0,0,0,0,0,0,0,0,0,0,0,0,0,0,0,0,0,0,./data/./1678773194-747264600/1678773227-416813400.png
-0.0,-0.0,0,0,0,1,1,0,0,0,0,0,0,0,0,0,0,0,0,0,0,0,0,0,0,0,./data/./1678773194-747264600/1678773227-501585000.png
-0.0,-0.0,0,0,0,1,1,0,0,0,0,0,0,0,0,0,0,0,0,0,0,0,0,0,0,0,./data/./1678773194-747264600/1678773227-592342400.png
-0.0,-0.0,0,0,0,1,0,0,0,0,0,0,0,0,0,0,0,0,0,0,0,0,0,0,0,0,./data/./1678773194-747264600/1678773227-697062300.png
-10.0,-0.0,0,0,0,1,0,0,0,0,0,0,0,0,0,0,0,0,0,0,0,0,0,0,0,0,./data/./1678773194-747264600/1678773227-819734600.png
-0.0,-0.0,0,0,0,1,0,0,0,0,0,0,0,0,0,0,0,0,0,0,0,0,0,0,0,0,./data/./1678773194-747264600/1678773227-931437300.png
-100.0,2.0,0,0,0,1,0,0,0,0,0,0,0,0,0,0,0,0,0,0,0,0,0,0,0,0,./data/./1678773194-747264600/1678773228-005238300.png
-100.0,2.0,0,0,0,1,0,0,0,0,0,0,0,0,0,0,0,0,0,0,0,0,0,0,0,0,./data/./1678773194-747264600/1678773228-129904000.png
-0.0,-0.0,0,0,0,1,0,0,0,0,0,0,0,0,0,0,0,0,0,0,0,0,0,0,0,0,./data/./1678773194-747264600/1678773228-248585700.png
-30.0,-0.0,0,0,0,1,0,0,0,0,0,0,0,0,0,0,0,0,0,0,0,0,0,0,0,0,./data/./1678773194-747264600/1678773228-348319000.png
60.0,-4.0,0,0,0,0,1,0,0,0,0,0,0,0,0,0,0,0,0,0,0,0,0,0,0,0,./data/./1678773194-747264600/1678773228-460022000.png
-0.0,-0.0,0,0,0,0,1,0,0,0,0,0,0,0,0,0,0,0,0,0,0,0,0,0,0,0,./data/./1678773194-747264600/1678773228-560751400.png
-0.0,-0.0,0,0,0,0,1,0,0,0,0,0,0,0,0,0,0,0,0,0,0,0,0,0,0,0,./data/./1678773194-747264600/1678773228-666469300.png
-0.0,-0.0,0,0,0,0,1,0,0,0,0,0,0,0,0,0,0,0,0,0,0,0,0,0,0,0,./data/./1678773194-747264600/1678773228-792654500.png
-0.0,-0.0,0,0,0,0,1,0,0,0,0,0,0,0,0,0,0,0,0,0,0,0,0,0,0,0,./data/./1678773194-747264600/1678773228-877940400.png
4.0,-4.0,0,0,0,1,1,0,0,0,0,0,0,0,0,0,0,0,0,0,0,0,0,0,0,0,./data/./1678773194-747264600/1678773228-977188300.png
-10.0,-10.0,0,0,0,1,1,0,0,0,0,0,0,0,0,0,0,0,0,0,0,0,0,0,0,0,./data/./1678773194-747264600/1678773229-050508300.png
-0.0,-0.0,0,0,0,1,0,0,0,0,0,0,0,0,0,0,0,0,0,0,0,0,0,0,0,0,./data/./1678773194-747264600/1678773229-191644000.png
-0.0,-0.0,0,0,0,1,0,0,0,0,0,0,0,0,0,0,0,0,0,0,0,0,0,0,0,0,./data/./1678773194-747264600/1678773229-328788500.png
-2.0,-4.0,0,0,0,1,0,0,0,0,0,0,0,0,0,0,0,0,0,0,0,0,0,0,0,0,./data/./1678773194-747264600/1678773229-449466500.png
-0.0,-0.0,0,0,0,1,0,0,0,0,0,0,0,0,0,0,0,0,0,0,0,0,0,0,0,0,./data/./1678773194-747264600/1678773229-533242700.png
2.0,-2.0,0,0,0,1,0,0,0,0,0,0,0,0,0,0,0,0,0,0,0,0,0,0,0,0,./data/./1678773194-747264600/1678773229-687828800.png
-0.0,-0.0,0,0,0,1,1,0,0,0,0,0,0,0,0,0,0,0,0,0,0,0,0,0,0,0,./data/./1678773194-747264600/1678773229-782575600.png
-0.0,-0.0,0,0,0,1,1,0,0,0,0,0,0,0,0,0,0,0,0,0,0,0,0,0,0,0,./data/./1678773194-747264600/1678773229-890287200.png
-0.0,-0.0,0,0,0,1,1,0,0,0,0,0,0,0,0,0,0,0,0,0,0,0,0,0,0,0,./data/./1678773194-747264600/1678773229-986031300.png
-0.0,-0.0,0,0,0,1,1,0,0,0,0,0,0,0,0,0,0,0,0,0,0,0,0,0,0,0,./data/./1678773194-747264600/1678773230-082771500.png
-0.0,-0.0,0,0,0,1,1,0,0,0,0,0,0,0,0,0,0,0,0,0,0,0,0,0,0,0,./data/./1678773194-747264600/1678773230-175525700.png
-0.0,-0.0,0,0,0,1,0,0,0,0,0,0,0,0,0,0,0,0,0,0,0,0,0,0,0,0,./data/./1678773194-747264600/1678773230-251321600.png
-0.0,-0.0,0,0,0,1,0,0,0,0,0,0,0,0,0,0,0,0,0,0,0,0,0,0,0,0,./data/./1678773194-747264600/1678773230-355043200.png
-0.0,-0.0,0,0,0,1,0,0,0,0,0,0,0,0,0,0,0,0,0,0,0,0,0,0,0,0,./data/./1678773194-747264600/1678773230-512389200.png
-0.0,-0.0,0,0,0,1,0,0,0,0,0,0,0,0,0,0,0,0,0,0,0,0,0,0,0,0,./data/./1678773194-747264600/1678773230-637570400.png
-0.0,-0.0,0,0,0,1,0,0,0,0,0,0,0,0,0,0,0,0,0,0,0,0,0,0,0,0,./data/./1678773194-747264600/1678773230-755768500.png
-0.0,-0.0,0,0,0,1,0,0,1,0,0,0,0,0,0,0,0,0,0,0,0,0,0,0,0,0,./data/./1678773194-747264600/1678773230-845527600.png
-0.0,-0.0,0,0,0,1,0,0,1,0,0,0,0,0,0,0,0,0,0,0,0,0,0,0,0,0,./data/./1678773194-747264600/1678773231-021058300.png
-0.0,-0.0,0,0,0,1,0,0,1,0,0,0,0,0,0,0,0,0,0,0,0,0,0,0,0,0,./data/./1678773194-747264600/1678773231-142733800.png
-0.0,-0.0,0,0,0,1,0,0,1,0,0,0,0,0,0,0,0,0,0,0,0,0,0,0,0,0,./data/./1678773194-747264600/1678773231-227505400.png
-0.0,-0.0,0,0,0,1,0,0,1,0,0,0,0,0,0,0,0,0,0,0,0,0,0,0,0,0,./data/./1678773194-747264600/1678773231-370125500.png
-0.0,-0.0,0,0,0,1,0,0,1,0,0,0,0,0,0,0,0,0,0,0,0,0,0,0,0,0,./data/./1678773194-747264600/1678773231-447916000.png
-0.0,-0.0,0,0,0,1,0,0,1,0,0,0,0,0,0,0,0,0,0,0,0,0,0,0,0,0,./data/./1678773194-747264600/1678773231-570589000.png
-0.0,-0.0,0,0,0,1,0,0,1,0,0,0,0,0,0,0,0,0,0,0,0,0,0,0,0,0,./data/./1678773194-747264600/1678773231-653367300.png
-10.0,2.0,0,0,0,1,0,0,1,0,0,0,0,0,0,0,0,0,0,0,0,0,0,0,0,0,./data/./1678773194-747264600/1678773231-737142300.png
-200.0,10.0,0,0,0,1,0,0,1,0,0,0,0,0,0,0,0,0,0,0,0,0,0,0,0,0,./data/./1678773194-747264600/1678773231-842859700.png
100.0,-10.0,0,0,0,1,0,0,1,0,0,0,0,0,0,0,0,0,0,0,0,0,0,0,0,0,./data/./1678773194-747264600/1678773231-950571300.png
-0.0,-0.0,0,0,0,1,0,0,0,0,0,0,0,0,0,0,0,0,0,0,0,0,0,0,0,0,./data/./1678773194-747264600/1678773232-087206400.png
-0.0,-0.0,0,0,0,1,0,0,0,0,0,0,0,0,0,0,0,0,0,0,0,0,0,0,0,0,./data/./1678773194-747264600/1678773232-228343000.png
-0.0,-0.0,0,0,0,1,0,0,0,0,0,0,0,0,0,0,0,0,0,0,0,0,0,0,0,0,./data/./1678773194-747264600/1678773232-344548700.png
-0.0,-0.0,0,0,0,1,0,0,0,0,0,0,0,0,0,0,0,0,0,0,0,0,0,0,0,0,./data/./1678773194-747264600/1678773232-466222500.png
10.0,-0.0,0,0,0,1,0,0,0,0,0,0,0,0,0,0,0,0,0,0,0,0,0,0,0,0,./data/./1678773194-747264600/1678773232-565955200.png
-0.0,-0.0,0,0,0,1,0,0,0,0,0,0,0,0,0,0,0,0,0,0,0,0,0,0,0,0,./data/./1678773194-747264600/1678773232-640756000.png
-0.0,-0.0,0,0,0,1,1,0,0,0,0,0,0,0,0,0,0,0,0,0,0,0,0,0,0,0,./data/./1678773194-747264600/1678773232-739492700.png
60.0,-0.0,0,0,0,1,1,0,0,0,0,0,0,0,0,0,0,0,0,0,0,0,0,0,0,0,./data/./1678773194-747264600/1678773232-848199800.png
-0.0,-0.0,0,0,0,1,1,0,0,0,0,0,0,0,0,0,0,0,0,0,0,0,0,0,0,0,./data/./1678773194-747264600/1678773233-010765800.png
-0.0,-0.0,0,0,0,1,0,0,0,0,0,0,0,0,0,0,0,0,0,0,0,0,0,0,0,0,./data/./1678773194-747264600/1678773233-129448700.png
-0.0,-0.0,0,0,0,1,0,0,0,0,0,0,0,0,0,0,0,0,0,0,0,0,0,0,0,0,./data/./1678773194-747264600/1678773233-209234700.png
2.0,-0.0,0,0,0,1,0,0,0,0,0,0,0,0,0,0,0,0,0,0,0,0,0,0,0,0,./data/./1678773194-747264600/1678773233-295004800.png
-0.0,-0.0,0,0,0,1,0,0,0,0,0,0,0,0,0,0,0,0,0,0,0,0,0,0,0,0,./data/./1678773194-747264600/1678773233-408700700.png
-0.0,-0.0,0,0,0,1,0,0,0,0,0,0,0,0,0,0,0,0,0,0,0,0,0,0,0,0,./data/./1678773194-747264600/1678773233-518407800.png
10.0,4.0,0,0,0,1,0,0,0,0,0,0,0,0,0,0,0,0,0,0,0,0,0,0,0,0,./data/./1678773194-747264600/1678773233-601188400.png
-0.0,-0.0,0,0,0,1,0,0,0,0,0,0,0,0,0,0,0,0,0,0,0,0,0,0,0,0,./data/./1678773194-747264600/1678773233-711405800.png
4.0,-0.0,0,0,0,1,0,0,0,0,0,0,0,0,0,0,0,0,0,0,0,0,0,0,0,0,./data/./1678773194-747264600/1678773233-808658000.png
60.0,10.0,0,0,0,1,0,0,0,0,0,0,0,0,0,0,0,0,0,0,0,0,0,0,0,0,./data/./1678773194-747264600/1678773233-902407600.png
-0.0,-0.0,0,0,0,0,0,0,0,0,0,0,0,0,0,0,0,0,0,0,0,0,0,0,0,0,./data/./1678773194-747264600/1678773234-042034600.png
-0.0,-0.0,0,0,0,0,1,0,0,0,0,0,0,0,0,0,0,0,0,0,0,0,0,0,0,0,./data/./1678773194-747264600/1678773234-188644400.png
-0.0,-0.0,0,0,0,0,1,0,0,0,0,0,0,0,0,0,0,0,0,0,0,0,0,0,0,0,./data/./1678773194-747264600/1678773234-299345500.png
-0.0,-0.0,0,0,0,0,0,0,0,0,0,0,0,0,0,0,0,0,0,0,0,0,0,0,0,0,./data/./1678773194-747264600/1678773234-389105300.png
-0.0,-0.0,0,0,0,0,0,0,0,0,0,0,0,0,0,0,0,0,0,0,0,0,0,0,0,0,./data/./1678773194-747264600/1678773234-481856800.png
60.0,-10.0,0,0,0,0,0,0,0,0,0,0,0,0,0,0,0,0,0,0,0,0,0,0,0,0,./data/./1678773194-747264600/1678773234-576603700.png
-60.0,10.0,0,0,0,0,0,0,0,0,0,0,0,0,0,0,0,0,0,0,0,0,0,0,0,0,./data/./1678773194-747264600/1678773234-721343000.png
-0.0,-0.0,0,0,0,0,0,0,0,0,0,0,0,0,0,0,0,0,0,0,0,0,0,0,0,0,./data/./1678773194-747264600/1678773234-814606700.png
20.0,2.0,0,0,0,0,0,0,0,0,0,0,0,0,0,0,0,0,0,0,0,0,0,0,0,0,./data/./1678773194-747264600/1678773234-914400000.png
-0.0,-0.0,0,0,0,0,0,0,0,0,0,0,0,0,0,0,0,0,0,0,0,0,0,0,0,0,./data/./1678773194-747264600/1678773235-052032000.png
-0.0,-0.0,0,0,0,0,0,0,0,0,0,0,0,0,0,0,0,0,0,0,0,0,0,0,0,0,./data/./1678773194-747264600/1678773235-188666000.png
-0.0,-0.0,0,0,0,0,0,0,0,0,0,0,0,0,0,0,0,0,0,0,0,0,0,0,0,0,./data/./1678773194-747264600/1678773235-310853000.png
-4.0,2.0,0,0,0,0,0,0,0,0,0,0,0,0,0,0,0,0,0,0,0,0,0,0,0,0,./data/./1678773194-747264600/1678773235-418078700.png
-0.0,-0.0,0,0,0,0,0,0,0,0,0,0,0,0,0,0,0,0,0,0,0,0,0,0,0,0,./data/./1678773194-747264600/1678773235-521314000.png
-0.0,-0.0,0,0,0,0,0,0,0,0,0,0,0,0,0,0,0,0,0,0,0,0,0,0,0,0,./data/./1678773194-747264600/1678773235-633528200.png
-30.0,2.0,0,0,0,0,0,0,0,0,0,0,0,0,0,0,0,0,0,0,0,0,0,0,0,0,./data/./1678773194-747264600/1678773235-722288800.png
30.0,-2.0,0,0,0,0,0,0,0,0,0,0,0,0,0,0,0,0,0,0,0,0,0,0,0,0,./data/./1678773194-747264600/1678773235-834988600.png
-60.0,4.0,0,0,0,0,0,0,0,0,0,0,0,0,0,0,0,0,0,0,0,0,0,0,0,0,./data/./1678773194-747264600/1678773235-966636200.png
60.0,-10.0,0,0,0,0,0,0,0,0,0,0,0,0,0,0,0,0,0,0,0,0,0,0,0,0,./data/./1678773194-747264600/1678773236-059387000.png
-0.0,-0.0,0,0,0,0,0,0,0,0,0,0,0,0,0,0,0,0,0,0,0,0,0,0,0,0,./data/./1678773194-747264600/1678773236-151141400.png
-0.0,-0.0,1,0,0,0,0,0,0,0,0,0,0,0,0,0,0,0,0,0,0,0,0,0,0,0,./data/./1678773194-747264600/1678773236-277804100.png
-0.0,-0.0,0,0,0,0,0,0,0,0,0,0,0,0,0,0,0,0,0,0,0,0,0,0,0,0,./data/./1678773194-747264600/1678773236-376538300.png
-0.0,-0.0,0,0,0,0,0,0,0,0,0,0,0,0,0,0,0,0,0,0,0,0,0,0,0,0,./data/./1678773194-747264600/1678773236-480773200.png
-0.0,-0.0,0,0,0,0,0,0,0,0,0,0,0,0,0,0,0,0,0,0,0,0,0,0,0,0,./data/./1678773194-747264600/1678773236-620398800.png
-300.0,50.0,0,0,0,0,0,0,0,0,0,0,0,0,0,0,0,0,0,0,0,0,0,0,0,0,./data/./1678773194-747264600/1678773236-735094800.png
300.0,-50.0,0,0,0,0,0,0,0,0,0,0,0,0,0,0,0,0,0,0,0,0,0,0,0,0,./data/./1678773194-747264600/1678773236-888680700.png
-0.0,-0.0,0,0,0,0,0,0,0,0,0,0,0,0,0,0,0,0,0,0,0,0,0,0,0,0,./data/./1678773194-747264600/1678773237-038792400.png
-0.0,-0.0,0,0,0,0,0,0,0,0,0,0,0,0,0,0,0,0,0,0,0,0,0,0,0,0,./data/./1678773194-747264600/1678773237-150008700.png
-0.0,-0.0,0,0,0,0,0,0,0,0,0,0,0,0,0,0,0,0,0,0,0,0,0,0,0,0,./data/./1678773194-747264600/1678773237-274695000.png
-0.0,-0.0,0,0,0,0,0,0,0,0,0,0,0,0,0,0,0,0,0,0,0,0,0,0,0,0,./data/./1678773194-747264600/1678773237-380417300.png
-0.0,-0.0,1,0,0,0,0,0,0,0,0,0,0,0,0,0,0,0,0,0,0,0,0,0,0,0,./data/./1678773194-747264600/1678773237-553953000.png
-0.0,-0.0,0,0,0,0,0,0,0,0,0,0,0,0,0,0,0,0,0,0,0,0,0,0,0,0,./data/./1678773194-747264600/1678773237-708539700.png
-0.0,-0.0,1,0,0,0,0,0,0,0,0,0,0,0,0,0,0,0,0,0,0,0,0,0,0,0,./data/./1678773194-747264600/1678773237-818246000.png
-0.0,-0.0,0,0,0,0,0,0,0,0,0,0,0,0,0,0,0,0,0,0,0,0,0,0,0,0,./data/./1678773194-747264600/1678773237-932939500.png
-0.0,-0.0,0,0,0,0,0,0,0,0,0,0,0,0,0,0,0,0,0,0,0,0,0,0,0,0,./data/./1678773194-747264600/1678773238-022699600.png
-0.0,-0.0,0,0,0,0,0,0,0,0,0,0,0,0,0,0,0,0,0,0,0,0,0,0,0,0,./data/./1678773194-747264600/1678773238-161328000.png
-0.0,-0.0,0,0,0,0,0,0,0,0,0,0,0,0,0,0,0,0,0,0,0,0,0,0,0,0,./data/./1678773194-747264600/1678773238-265561800.png
-0.0,-0.0,0,0,0,0,0,0,0,0,0,0,0,0,0,0,0,0,0,0,0,0,0,0,0,0,./data/./1678773194-747264600/1678773238-388234000.png
-0.0,-0.0,1,0,0,0,0,0,0,0,0,0,0,0,0,0,0,0,0,0,0,0,0,0,0,0,./data/./1678773194-747264600/1678773238-475001000.png
-0.0,-0.0,0,0,0,0,0,0,0,0,0,0,0,0,0,0,0,0,0,0,0,0,0,0,0,0,./data/./1678773194-747264600/1678773238-596676000.png
-0.0,-0.0,0,0,0,0,0,0,0,2,0,0,0,0,0,0,0,0,0,0,0,0,0,0,0,0,./data/./1678773194-747264600/1678773238-742798600.png
-0.0,-0.0,0,0,0,0,0,0,0,0,0,0,0,0,0,0,0,0,0,0,0,0,0,0,0,0,./data/./1678773194-747264600/1678773238-856010400.png
-0.0,-0.0,0,0,0,0,0,0,0,0,0,0,0,0,0,0,0,0,0,0,0,0,0,0,0,0,./data/./1678773194-747264600/1678773238-982179000.png
-0.0,-0.0,0,0,0,0,0,0,0,0,0,0,0,0,0,0,0,0,0,0,0,0,0,0,0,0,./data/./1678773194-747264600/1678773239-112343000.png
10.0,-4.0,0,0,0,0,0,0,0,0,0,0,0,0,0,0,0,0,0,0,0,0,0,0,0,0,./data/./1678773194-747264600/1678773239-218059800.png
-0.0,-0.0,0,0,0,0,0,0,0,0,0,0,0,0,0,0,0,0,0,0,0,0,0,0,0,0,./data/./1678773194-747264600/1678773239-300838200.png
60.0,-10.0,0,0,0,0,0,0,0,0,0,0,0,0,0,0,0,0,0,0,0,0,0,0,0,0,./data/./1678773194-747264600/1678773239-482352500.png
-0.0,-0.0,0,0,0,0,0,0,0,0,0,0,0,0,0,0,0,0,0,0,0,0,0,0,0,0,./data/./1678773194-747264600/1678773239-595051300.png
4.0,-2.0,0,0,0,0,0,0,0,0,0,0,0,0,0,0,0,0,0,0,0,0,0,0,0,0,./data/./1678773194-747264600/1678773239-707749400.png
-0.0,-0.0,0,0,0,0,0,0,0,0,0,0,0,0,0,0,0,0,0,0,0,0,0,0,0,0,./data/./1678773194-747264600/1678773239-805487600.png
-0.0,-0.0,0,0,0,0,0,0,0,0,0,0,0,0,0,0,0,0,0,0,0,0,0,0,0,0,./data/./1678773194-747264600/1678773239-927677200.png
20.0,-4.0,0,0,0,0,0,0,0,0,0,0,0,0,0,0,0,0,0,0,0,0,0,0,0,0,./data/./1678773194-747264600/1678773240-077275800.png
-0.0,-0.0,0,0,0,0,0,0,0,0,0,0,0,0,0,0,0,0,0,0,0,0,0,0,0,0,./data/./1678773194-747264600/1678773240-275745600.png
-0.0,-0.0,0,0,0,0,0,0,0,0,0,0,0,0,0,0,0,0,0,0,0,0,0,0,0,0,./data/./1678773194-747264600/1678773240-417886700.png
-0.0,-0.0,0,0,0,0,0,0,0,0,0,0,0,0,0,0,0,0,0,0,0,0,0,0,0,0,./data/./1678773194-747264600/1678773240-580970000.png
60.0,-4.0,0,0,0,1,0,0,0,0,0,0,0,0,0,0,0,0,0,0,0,0,0,0,0,0,./data/./1678773194-747264600/1678773240-711649400.png
30.0,-4.0,0,0,0,1,0,0,0,0,0,0,0,0,0,0,0,0,0,0,0,0,0,0,0,0,./data/./1678773194-747264600/1678773240-838313000.png
-0.0,-0.0,0,0,0,1,1,0,0,0,0,0,0,0,0,0,0,0,0,0,0,0,0,0,0,0,./data/./1678773194-747264600/1678773241-008853700.png
4.0,-0.0,0,0,0,1,1,0,0,0,0,0,0,0,0,0,0,0,0,0,0,0,0,0,0,0,./data/./1678773194-747264600/1678773241-123546600.png
30.0,2.0,0,0,0,0,1,0,0,0,0,0,0,0,0,0,0,0,0,0,0,0,0,0,0,0,./data/./1678773194-747264600/1678773241-233254000.png
-30.0,-2.0,0,0,0,0,1,0,0,0,0,0,0,0,0,0,0,0,0,0,0,0,0,0,0,0,./data/./1678773194-747264600/1678773241-380859000.png
10.0,-0.0,0,0,0,0,1,0,0,0,0,0,0,0,0,0,0,0,0,0,0,0,0,0,0,0,./data/./1678773194-747264600/1678773241-513503000.png
4.0,-2.0,0,0,0,0,1,0,0,0,0,0,0,0,0,0,0,0,0,0,0,0,0,0,0,0,./data/./1678773194-747264600/1678773241-622725700.png
-0.0,-0.0,0,0,0,0,1,0,0,0,0,0,0,0,0,0,0,0,0,0,0,0,0,0,0,0,./data/./1678773194-747264600/1678773241-783296800.png
100.0,-4.0,0,0,0,1,0,0,0,0,0,0,0,0,0,0,0,0,0,0,0,0,0,0,0,0,./data/./1678773194-747264600/1678773241-881035000.png
-0.0,-0.0,0,0,0,1,0,0,0,0,0,0,0,0,0,0,0,0,0,0,0,0,0,0,0,0,./data/./1678773194-747264600/1678773242-171770800.png
200.0,20.0,0,0,0,1,0,0,0,0,0,0,0,0,0,0,0,0,0,0,0,0,0,0,0,0,./data/./1678773194-747264600/1678773242-294953600.png
-0.0,-0.0,0,0,0,1,0,0,0,0,0,0,0,0,0,0,0,0,0,0,0,0,0,0,0,0,./data/./1678773194-747264600/1678773242-456550100.png
-0.0,-0.0,0,0,0,0,1,0,0,0,0,0,0,0,0,0,0,0,0,0,0,0,0,0,0,0,./data/./1678773194-747264600/1678773242-577227000.png
-0.0,-0.0,0,0,0,0,1,0,0,0,0,0,0,0,0,0,0,0,0,0,0,0,0,0,0,0,./data/./1678773194-747264600/1678773242-696907300.png
30.0,4.0,0,0,0,0,1,0,0,0,0,0,0,0,0,0,0,0,0,0,0,0,0,0,0,0,./data/./1678773194-747264600/1678773242-859473200.png
200.0,50.0,0,0,0,0,1,0,0,0,0,0,0,0,0,0,0,0,0,0,0,0,0,0,0,0,./data/./1678773194-747264600/1678773243-019047700.png
-0.0,-0.0,0,0,0,0,1,0,0,0,0,0,0,0,0,0,0,0,0,0,0,0,0,0,0,0,./data/./1678773194-747264600/1678773243-149696000.png
-0.0,-0.0,0,0,0,0,1,0,0,0,0,0,0,0,0,0,0,0,0,0,0,0,0,0,0,0,./data/./1678773194-747264600/1678773243-241450000.png
-0.0,-0.0,0,0,0,0,1,0,0,0,0,0,0,0,0,0,0,0,0,0,0,0,0,0,0,0,./data/./1678773194-747264600/1678773243-321748000.png
-0.0,-0.0,0,0,0,0,1,0,0,0,0,0,0,0,0,0,0,0,0,0,0,0,0,0,0,0,./data/./1678773194-747264600/1678773243-457389600.png
-60.0,-20.0,0,0,0,0,1,0,0,0,0,0,0,0,0,0,0,0,0,0,0,0,0,0,0,0,./data/./1678773194-747264600/1678773243-637903200.png
-200.0,-4.0,0,0,0,0,1,0,0,0,0,0,0,0,0,0,0,0,0,0,0,0,0,0,0,0,./data/./1678773194-747264600/1678773243-789496700.png
-60.0,4.0,0,0,0,0,1,0,0,0,0,0,0,0,0,0,0,0,0,0,0,0,0,0,0,0,./data/./1678773194-747264600/1678773243-900715400.png
-60.0,-0.0,0,0,0,0,1,0,0,0,0,0,0,0,0,0,0,0,0,0,0,0,0,0,0,0,./data/./1678773194-747264600/1678773243-999964200.png
-20.0,-10.0,0,0,0,0,1,0,0,0,0,0,0,0,0,0,0,0,0,0,0,0,0,0,0,0,./data/./1678773194-747264600/1678773244-113171800.png
500.0,20.0,0,0,0,0,1,0,0,0,0,0,0,0,0,0,0,0,0,0,0,0,0,0,0,0,./data/./1678773194-747264600/1678773244-206433800.png
-0.0,-0.0,0,0,0,0,1,0,0,0,0,0,0,0,0,0,0,0,0,0,0,0,0,0,0,0,./data/./1678773194-747264600/1678773244-322124700.png
-0.0,-0.0,0,0,0,0,1,0,0,0,0,0,0,0,0,0,0,0,0,0,0,0,0,0,0,0,./data/./1678773194-747264600/1678773244-420860000.png
-0.0,-0.0,0,0,0,0,0,0,1,0,0,0,0,0,0,0,0,0,0,0,0,0,0,0,0,0,./data/./1678773194-747264600/1678773244-521591000.png
-0.0,-0.0,0,0,0,0,0,0,1,0,0,0,0,0,0,0,0,0,0,0,0,0,0,0,0,0,./data/./1678773194-747264600/1678773244-645261300.png
100.0,4.0,0,0,0,0,0,0,1,0,0,0,0,0,0,0,0,0,0,0,0,0,0,0,0,0,./data/./1678773194-747264600/1678773244-733025300.png
-100.0,-4.0,0,0,0,0,0,0,1,0,0,0,0,0,0,0,0,0,0,0,0,0,0,0,0,0,./data/./1678773194-747264600/1678773244-900576400.png
-0.0,-0.0,0,0,0,0,0,0,1,0,0,0,0,0,0,0,0,0,0,0,0,0,0,0,0,0,./data/./1678773194-747264600/1678773245-021260300.png
-0.0,-0.0,0,0,0,0,0,0,1,0,0,0,0,0,0,0,0,0,0,0,0,0,0,0,0,0,./data/./1678773194-747264600/1678773245-131472300.png
-0.0,-0.0,0,0,0,0,0,0,1,0,0,0,0,0,0,0,0,0,0,0,0,0,0,0,0,0,./data/./1678773194-747264600/1678773245-236191700.png
-0.0,-0.0,0,0,0,0,0,0,0,0,0,0,0,0,0,0,0,0,0,0,0,0,0,0,0,0,./data/./1678773194-747264600/1678773245-346896600.png
-0.0,-0.0,0,0,0,0,0,0,0,0,0,0,0,0,0,0,0,0,0,0,0,0,0,0,0,0,./data/./1678773194-747264600/1678773245-440644500.png
-0.0,-0.0,0,0,0,0,1,0,0,0,0,0,0,0,0,0,0,0,0,0,0,0,0,0,0,0,./data/./1678773194-747264600/1678773245-635151100.png
-0.0,-0.0,0,0,0,0,1,0,0,0,0,0,0,0,0,0,0,0,0,0,0,0,0,0,0,0,./data/./1678773194-747264600/1678773245-776291400.png
-0.0,-0.0,0,0,0,0,1,0,0,0,0,0,0,0,0,0,0,0,0,0,0,0,0,0,0,0,./data/./1678773194-747264600/1678773245-958322800.png
-0.0,-0.0,0,0,0,0,1,0,0,0,0,0,0,0,0,0,0,0,0,0,0,0,0,0,0,0,./data/./1678773194-747264600/1678773246-059052700.png
-0.0,-0.0,1,0,0,0,0,0,1,0,0,0,0,0,0,0,0,0,0,0,0,0,0,0,0,0,./data/./1678773194-747264600/1678773246-215635300.png
-0.0,-0.0,0,0,0,0,0,0,1,0,0,0,0,0,0,0,0,0,0,0,0,0,0,0,0,0,./data/./1678773194-747264600/1678773246-381192400.png
-0.0,-0.0,0,0,0,0,0,0,0,0,0,0,0,0,0,0,0,0,0,0,0,0,0,0,0,0,./data/./1678773194-747264600/1678773246-492892700.png
-0.0,-0.0,1,0,0,0,0,0,0,0,0,0,0,0,0,0,0,0,0,0,0,0,0,0,0,0,./data/./1678773194-747264600/1678773246-615564300.png
-0.0,-0.0,0,0,0,0,0,0,0,0,0,0,0,0,0,0,0,0,0,0,0,0,0,0,0,0,./data/./1678773194-747264600/1678773246-710312600.png
-0.0,-0.0,1,0,0,0,0,0,0,0,0,0,0,0,0,0,0,0,0,0,0,0,0,0,0,0,./data/./1678773194-747264600/1678773246-883362300.png
-0.0,-0.0,1,0,0,0,0,0,0,0,0,0,0,0,0,0,0,0,0,0,0,0,0,0,0,0,./data/./1678773194-747264600/1678773247-010023800.png
-0.0,-0.0,0,0,0,0,0,0,0,0,0,0,0,0,0,0,0,0,0,0,0,0,0,0,0,0,./data/./1678773194-747264600/1678773247-097789300.png
-0.0,-0.0,0,0,0,0,0,0,1,0,0,0,0,0,0,0,0,0,0,0,0,0,0,0,0,0,./data/./1678773194-747264600/1678773247-194531400.png
-0.0,-0.0,0,0,0,0,0,0,0,0,0,0,0,0,0,0,0,0,0,0,0,0,0,0,0,0,./data/./1678773194-747264600/1678773247-356129200.png
-0.0,-0.0,1,0,0,0,0,0,0,0,0,0,0,0,0,0,0,0,0,0,0,0,0,0,0,0,./data/./1678773194-747264600/1678773247-444407500.png
-0.0,-0.0,0,0,0,0,0,0,0,0,0,0,0,0,0,0,0,0,0,0,0,0,0,0,0,0,./data/./1678773194-747264600/1678773247-579559600.png
-0.0,-0.0,0,0,0,0,0,0,0,0,0,0,0,0,0,0,0,0,0,0,0,0,0,0,0,0,./data/./1678773194-747264600/1678773247-688269000.png
-0.0,-0.0,1,0,0,0,0,0,0,0,0,0,0,0,0,0,0,0,0,0,0,0,0,0,0,0,./data/./1678773194-747264600/1678773247-800968200.png
-0.0,-0.0,0,0,0,0,0,0,0,0,0,0,0,0,0,0,0,0,0,0,0,0,0,0,0,0,./data/./1678773194-747264600/1678773247-901700300.png
-0.0,-0.0,1,0,0,0,0,0,0,0,0,0,0,0,0,0,0,0,0,0,0,0,0,0,0,0,./data/./1678773194-747264600/1678773247-999436600.png
-0.0,-0.0,0,0,0,0,0,0,0,0,0,0,0,0,0,0,0,0,0,0,0,0,0,0,0,0,./data/./1678773194-747264600/1678773248-115126600.png
-0.0,-0.0,0,0,0,0,0,0,0,0,0,0,0,0,0,0,0,0,0,0,0,0,0,0,0,0,./data/./1678773194-747264600/1678773248-305617000.png
-0.0,-0.0,0,0,0,0,0,0,0,0,0,0,0,0,0,0,0,0,0,0,0,0,0,0,0,0,./data/./1678773194-747264600/1678773248-402358300.png
-0.0,-0.0,0,0,0,1,0,0,0,2,0,0,0,0,0,0,0,0,0,0,0,0,0,0,0,0,./data/./1678773194-747264600/1678773248-502485000.png
-0.0,-0.0,0,0,0,1,0,0,0,0,0,0,0,0,0,0,0,0,0,0,0,0,0,0,0,0,./data/./1678773194-747264600/1678773248-632138700.png
-0.0,-0.0,0,0,0,1,0,0,0,0,0,0,0,0,0,0,0,0,0,0,0,0,0,0,0,0,./data/./1678773194-747264600/1678773248-767774800.png
-0.0,-0.0,0,0,0,1,0,0,0,0,0,0,0,0,0,0,0,0,0,0,0,0,0,0,0,0,./data/./1678773194-747264600/1678773248-907055400.png
200.0,20.0,0,0,0,1,0,0,0,2,0,0,0,0,0,0,0,0,0,0,0,0,0,0,0,0,./data/./1678773194-747264600/1678773249-019756600.png
-100.0,-20.0,0,0,0,1,0,0,0,0,0,0,0,0,0,0,0,0,0,0,0,0,0,0,0,0,./data/./1678773194-747264600/1678773249-122994000.png
300.0,10.0,0,0,0,1,0,0,0,0,0,0,0,0,0,0,0,0,0,0,0,0,0,0,0,0,./data/./1678773194-747264600/1678773249-249683600.png
-0.0,-0.0,0,0,0,1,0,0,0,0,0,0,0,0,0,0,0,0,0,0,0,0,0,0,0,0,./data/./1678773194-747264600/1678773249-363380000.png
10.0,-0.0,0,0,0,1,0,0,0,0,0,0,0,0,0,0,0,0,0,0,0,0,0,0,0,0,./data/./1678773194-747264600/1678773249-501011000.png
-0.0,-0.0,0,0,0,1,0,0,0,0,0,0,0,0,0,0,0,0,0,0,0,0,0,0,0,0,./data/./1678773194-747264600/1678773249-584787600.png
-0.0,-0.0,0,0,0,1,0,0,0,0,0,0,0,0,0,0,0,0,0,0,0,0,0,0,0,0,./data/./1678773194-747264600/1678773249-673550100.png
-0.0,-0.0,0,0,0,1,0,0,0,0,0,0,0,0,0,0,0,0,0,0,0,0,0,0,0,0,./data/./1678773194-747264600/1678773249-842098700.png
-0.0,-0.0,0,0,0,1,0,0,0,0,0,0,0,0,0,0,0,0,0,0,0,0,0,0,0,0,./data/./1678773194-747264600/1678773249-949810000.png
-0.0,-0.0,0,0,0,1,1,0,0,0,0,0,0,0,0,0,0,0,0,0,0,0,0,0,0,0,./data/./1678773194-747264600/1678773250-036579000.png
-0.0,-0.0,0,0,0,1,1,0,0,0,0,0,0,0,0,0,0,0,0,0,0,0,0,0,0,0,./data/./1678773194-747264600/1678773250-161757200.png
-30.0,20.0,0,0,0,1,0,0,0,0,0,0,0,0,0,0,0,0,0,0,0,0,0,0,0,0,./data/./1678773194-747264600/1678773250-310360700.png
-0.0,-0.0,0,0,0,1,1,0,0,0,0,0,0,0,0,0,0,0,0,0,0,0,0,0,0,0,./data/./1678773194-747264600/1678773250-411090000.png
-0.0,-0.0,0,0,0,0,1,1,0,0,0,0,0,0,0,0,0,0,0,0,0,0,0,0,0,0,./data/./1678773194-747264600/1678773250-535755200.png
-0.0,-0.0,0,0,0,0,1,1,0,0,0,0,0,0,0,0,0,0,0,0,0,0,0,0,0,0,./data/./1678773194-747264600/1678773250-685871100.png
-2.0,4.0,0,0,0,0,1,1,0,0,0,0,0,0,0,0,0,0,0,0,0,0,0,0,0,0,./data/./1678773194-747264600/1678773250-776147000.png
-2.0,-2.0,0,0,0,0,0,1,0,0,0,0,0,0,0,0,0,0,0,0,0,0,0,0,0,0,./data/./1678773194-747264600/1678773250-888360000.png
-0.0,-0.0,0,0,0,0,0,0,0,0,0,0,0,0,0,0,0,0,0,0,0,0,0,0,0,0,./data/./1678773194-747264600/1678773251-016019300.png
-0.0,-0.0,0,0,0,1,0,0,0,0,0,0,0,0,0,0,0,0,0,0,0,0,0,0,0,0,./data/./1678773194-747264600/1678773251-187559600.png
2.0,-0.0,0,0,0,1,0,0,0,0,0,0,0,0,0,0,0,0,0,0,0,0,0,0,0,0,./data/./1678773194-747264600/1678773251-265351800.png
-0.0,-0.0,0,0,0,1,0,0,0,0,0,0,0,0,0,0,0,0,0,0,0,0,0,0,0,0,./data/./1678773194-747264600/1678773251-376055700.png
-0.0,-0.0,0,0,0,1,0,0,0,0,0,0,0,0,0,0,0,0,0,0,0,0,0,0,0,0,./data/./1678773194-747264600/1678773251-465815000.png
-0.0,-0.0,0,0,0,1,0,0,0,0,0,0,0,0,0,0,0,0,0,0,0,0,0,0,0,0,./data/./1678773194-747264600/1678773251-597464000.png
10.0,10.0,0,0,0,1,0,0,0,0,0,0,0,0,0,0,0,0,0,0,0,0,0,0,0,0,./data/./1678773194-747264600/1678773251-685227600.png
-0.0,-0.0,0,0,0,1,1,0,0,0,0,0,0,0,0,0,0,0,0,0,0,0,0,0,0,0,./data/./1678773194-747264600/1678773251-812399900.png
30.0,4.0,0,0,0,1,1,0,0,0,0,0,0,0,0,0,0,0,0,0,0,0,0,0,0,0,./data/./1678773194-747264600/1678773251-924611600.png
-0.0,-0.0,0,0,0,0,1,0,0,0,0,0,0,0,0,0,0,0,0,0,0,0,0,0,0,0,./data/./1678773194-747264600/1678773252-052096800.png
-0.0,-0.0,1,0,0,0,0,0,0,0,0,0,0,0,0,0,0,0,0,0,0,0,0,0,0,0,./data/./1678773194-747264600/1678773252-210843000.png
-0.0,-0.0,0,0,0,0,0,0,0,0,0,0,0,0,0,0,0,0,0,0,0,0,0,0,0,0,./data/./1678773194-747264600/1678773252-365428400.png
-0.0,-0.0,0,0,0,0,0,0,0,0,0,0,0,0,0,0,0,0,0,0,0,0,0,0,0,0,./data/./1678773194-747264600/1678773252-487102500.png
-0.0,-0.0,0,0,0,0,0,0,0,0,0,0,0,0,0,0,0,0,0,0,0,0,0,0,0,0,./data/./1678773194-747264600/1678773252-593333000.png
10.0,4.0,0,0,0,0,0,0,0,0,0,0,0,0,0,0,0,0,0,0,0,0,0,0,0,0,./data/./1678773194-747264600/1678773252-711528500.png
-0.0,-0.0,0,0,0,0,0,0,0,0,0,0,0,0,0,0,0,0,0,0,0,0,0,0,0,0,./data/./1678773194-747264600/1678773252-832718100.png
-0.0,-0.0,0,0,0,0,1,0,0,0,0,0,0,0,0,0,0,0,0,0,0,0,0,0,0,0,./data/./1678773194-747264600/1678773252-958380500.png
-0.0,-0.0,0,0,0,0,1,0,0,0,0,0,0,0,0,0,0,0,0,0,0,0,0,0,0,0,./data/./1678773194-747264600/1678773253-089031200.png
-0.0,-0.0,0,0,0,0,1,0,0,0,0,0,0,0,0,0,0,0,0,0,0,0,0,0,0,0,./data/./1678773194-747264600/1678773253-242620500.png
60.0,-2.0,0,0,0,0,1,0,0,0,0,0,0,0,0,0,0,0,0,0,0,0,0,0,0,0,./data/./1678773194-747264600/1678773253-455052400.png
-0.0,-0.0,0,0,0,0,1,0,0,0,0,0,0,0,0,0,0,0,0,0,0,0,0,0,0,0,./data/./1678773194-747264600/1678773253-575729600.png
100.0,10.0,0,0,0,0,1,0,0,0,0,0,0,0,0,0,0,0,0,0,0,0,0,0,0,0,./data/./1678773194-747264600/1678773253-696917500.png
100.0,-0.0,0,0,0,0,1,0,0,0,0,0,0,0,0,0,0,0,0,0,0,0,0,0,0,0,./data/./1678773194-747264600/1678773253-802634500.png
-100.0,-10.0,0,0,0,0,1,0,0,0,0,0,0,0,0,0,0,0,0,0,0,0,0,0,0,0,./data/./1678773194-747264600/1678773253-911343600.png
-60.0,-0.0,0,0,0,0,1,0,0,0,0,0,0,0,0,0,0,0,0,0,0,0,0,0,0,0,./data/./1678773194-747264600/1678773254-065931000.png
200.0,-4.0,0,0,0,0,1,0,0,0,0,0,0,0,0,0,0,0,0,0,0,0,0,0,0,0,./data/./1678773194-747264600/1678773254-188116800.png
-100.0,2.0,0,0,0,0,0,0,0,0,0,0,0,0,0,0,0,0,0,0,0,0,0,0,0,0,./data/./1678773194-747264600/1678773254-306312600.png
-100.0,-4.0,0,0,0,0,0,0,0,0,0,0,0,0,0,0,0,0,0,0,0,0,0,0,0,0,./data/./1678773194-747264600/1678773254-406561400.png
-2.0,2.0,0,0,0,0,0,0,0,0,0,0,0,0,0,0,0,0,0,0,0,0,0,0,0,0,./data/./1678773194-747264600/1678773254-540201700.png
60.0,4.0,0,0,0,0,0,0,0,0,0,0,0,0,0,0,0,0,0,0,0,0,0,0,0,0,./data/./1678773194-747264600/1678773254-631955100.png
60.0,-0.0,0,0,0,0,0,0,0,0,0,0,0,0,0,0,0,0,0,0,0,0,0,0,0,0,./data/./1678773194-747264600/1678773254-761610500.png
-0.0,-0.0,0,0,0,0,0,0,0,0,0,0,0,0,0,0,0,0,0,0,0,0,0,0,0,0,./data/./1678773194-747264600/1678773254-889267700.png
-0.0,-0.0,0,0,0,0,0,0,0,0,0,0,0,0,0,0,0,0,0,0,0,0,0,0,0,0,./data/./1678773194-747264600/1678773255-021911400.png
-0.0,-0.0,0,0,0,0,0,0,1,0,0,0,0,0,0,0,0,0,0,0,0,0,0,0,0,0,./data/./1678773194-747264600/1678773255-146579700.png
10.0,-0.0,0,0,0,0,0,0,1,0,0,0,0,0,0,0,0,0,0,0,0,0,0,0,0,0,./data/./1678773194-747264600/1678773255-233346200.png
-200.0,100.0,0,0,0,0,0,1,1,0,0,0,0,0,0,0,0,0,0,0,0,0,0,0,0,0,./data/./1678773194-747264600/1678773255-328601400.png
-0.0,-0.0,0,0,0,0,0,1,0,0,0,0,0,0,0,0,0,0,0,0,0,0,0,0,0,0,./data/./1678773194-747264600/1678773255-442298000.png
-0.0,-0.0,0,0,0,0,0,1,0,0,0,0,0,0,0,0,0,0,0,0,0,0,0,0,0,0,./data/./1678773194-747264600/1678773255-559982500.png
-0.0,-0.0,0,0,0,0,0,1,0,0,0,0,0,0,0,0,0,0,0,0,0,0,0,0,0,0,./data/./1678773194-747264600/1678773255-649743600.png
-0.0,-0.0,0,0,0,0,0,1,1,0,0,0,0,0,0,0,0,0,0,0,0,0,0,0,0,0,./data/./1678773194-747264600/1678773255-740502800.png
-0.0,-0.0,0,0,0,0,1,0,0,0,0,0,0,0,0,0,0,0,0,0,0,0,0,0,0,0,./data/./1678773194-747264600/1678773255-882634200.png
-0.0,-0.0,0,0,0,0,1,0,0,0,0,0,0,0,0,0,0,0,0,0,0,0,0,0,0,0,./data/./1678773194-747264600/1678773255-990374600.png
-0.0,-0.0,0,0,0,0,1,0,0,0,0,0,0,0,0,0,0,0,0,0,0,0,0,0,0,0,./data/./1678773194-747264600/1678773256-101589000.png
-0.0,-0.0,0,0,0,1,1,0,0,0,0,0,0,0,0,0,0,0,0,0,0,0,0,0,0,0,./data/./1678773194-747264600/1678773256-220274200.png
-0.0,-0.0,0,0,0,1,1,0,0,0,0,0,0,0,0,0,0,0,0,0,0,0,0,0,0,0,./data/./1678773194-747264600/1678773256-312028000.png
-0.0,-0.0,0,0,0,1,0,0,0,0,0,0,0,0,0,0,0,0,0,0,0,0,0,0,0,0,./data/./1678773194-747264600/1678773256-440683100.png
-0.0,-0.0,0,0,0,1,0,0,0,0,0,0,0,0,0,0,0,0,0,0,0,0,0,0,0,0,./data/./1678773194-747264600/1678773256-535428300.png
-0.0,-20.0,0,0,0,1,0,0,0,0,0,0,0,0,0,0,0,0,0,0,0,0,0,0,0,0,./data/./1678773194-747264600/1678773256-664596800.png
-0.0,-0.0,0,0,0,1,0,0,1,0,0,0,0,0,0,0,0,0,0,0,0,0,0,0,0,0,./data/./1678773194-747264600/1678773256-782281600.png
-0.0,-2.0,0,0,0,0,0,0,1,0,0,0,0,0,0,0,0,0,0,0,0,0,0,0,0,0,./data/./1678773194-747264600/1678773256-899967000.png
-0.0,-0.0,0,0,0,0,0,0,1,0,0,0,0,0,0,0,0,0,0,0,0,0,0,0,0,0,./data/./1678773194-747264600/1678773257-042585000.png
-0.0,-0.0,0,0,0,0,0,0,0,0,0,0,0,0,0,0,0,0,0,0,0,0,0,0,0,0,./data/./1678773194-747264600/1678773257-193182500.png
-0.0,-0.0,1,0,0,0,0,0,0,0,0,0,0,0,0,0,0,0,0,0,0,0,0,0,0,0,./data/./1678773194-747264600/1678773257-296905000.png
-0.0,-0.0,1,0,0,0,1,0,0,0,0,0,0,0,0,0,0,0,0,0,0,0,0,0,0,0,./data/./1678773194-747264600/1678773257-392648200.png
-0.0,-0.0,0,0,0,0,1,0,0,0,0,0,0,0,0,0,0,0,0,0,0,0,0,0,0,0,./data/./1678773194-747264600/1678773257-476425200.png
-0.0,-0.0,0,0,0,0,1,0,0,0,0,0,0,0,0,0,0,0,0,0,0,0,0,0,0,0,./data/./1678773194-747264600/1678773257-578663300.png
-30.0,20.0,0,0,0,0,1,0,0,0,0,0,0,0,0,0,0,0,0,0,0,0,0,0,0,0,./data/./1678773194-747264600/1678773257-691874700.png
-0.0,-0.0,0,0,0,0,1,0,0,0,0,0,0,0,0,0,0,0,0,0,0,0,0,0,0,0,./data/./1678773194-747264600/1678773257-797622000.png
-0.0,-0.0,0,0,0,0,1,0,0,0,0,0,0,0,0,0,0,0,0,0,0,0,0,0,0,0,./data/./1678773194-747264600/1678773257-889377000.png
-0.0,-0.0,0,0,0,0,1,0,0,0,0,0,0,0,0,0,0,0,0,0,0,0,0,0,0,0,./data/./1678773194-747264600/1678773257-974660600.png
-0.0,-0.0,0,0,0,0,0,0,1,0,0,0,0,0,0,0,0,0,0,0,0,0,0,0,0,0,./data/./1678773194-747264600/1678773258-120270000.png
-0.0,-0.0,0,0,0,0,0,0,0,0,0,0,0,0,0,0,0,0,0,0,0,0,0,0,0,0,./data/./1678773194-747264600/1678773258-270868000.png
-0.0,-0.0,0,0,0,0,0,0,0,0,0,0,0,0,0,0,0,0,0,0,0,0,0,0,0,0,./data/./1678773194-747264600/1678773258-397529800.png
-0.0,-0.0,0,0,0,0,0,0,0,0,0,0,0,0,0,0,0,0,0,0,0,0,0,0,0,0,./data/./1678773194-747264600/1678773258-495267200.png
-100.0,-100.0,0,0,0,0,1,0,0,0,0,0,0,0,0,0,0,0,0,0,0,0,0,0,0,0,./data/./1678773194-747264600/1678773258-631903000.png
-0.0,-0.0,0,0,0,0,1,0,0,0,0,0,0,0,0,0,0,0,0,0,0,0,0,0,0,0,./data/./1678773194-747264600/1678773258-748590700.png
-0.0,-0.0,0,0,0,0,1,0,0,0,0,0,0,0,0,0,0,0,0,0,0,0,0,0,0,0,./data/./1678773194-747264600/1678773258-853308700.png
-0.0,-0.0,0,0,0,1,1,0,0,0,0,0,0,0,0,0,0,0,0,0,0,0,0,0,0,0,./data/./1678773194-747264600/1678773258-931100400.png
-0.0,-0.0,0,0,0,1,1,0,0,0,0,0,0,0,0,0,0,0,0,0,0,0,0,0,0,0,./data/./1678773194-747264600/1678773259-049784700.png
-0.0,-0.0,0,0,0,0,1,0,0,0,0,0,0,0,0,0,0,0,0,0,0,0,0,0,0,0,./data/./1678773194-747264600/1678773259-136551100.png
-0.0,-0.0,1,0,0,0,0,0,0,0,0,0,0,0,0,0,0,0,0,0,0,0,0,0,0,0,./data/./1678773194-747264600/1678773259-251755700.png
-0.0,-0.0,0,0,0,0,0,0,0,0,0,0,0,0,0,0,0,0,0,0,0,0,0,0,0,0,./data/./1678773194-747264600/1678773259-360862300.png
-0.0,-0.0,0,0,0,0,0,0,1,0,0,0,0,0,0,0,0,0,0,0,0,0,0,0,0,0,./data/./1678773194-747264600/1678773259-488036600.png
-0.0,-0.0,1,0,0,0,0,0,1,0,0,0,0,0,0,0,0,0,0,0,0,0,0,0,0,0,./data/./1678773194-747264600/1678773259-610734700.png
-0.0,-0.0,0,0,0,0,0,0,1,0,0,0,0,0,0,0,0,0,0,0,0,0,0,0,0,0,./data/./1678773194-747264600/1678773259-732408500.png
-0.0,-0.0,0,0,0,0,1,0,0,0,0,0,0,0,0,0,0,0,0,0,0,0,0,0,0,0,./data/./1678773194-747264600/1678773259-835135200.png
-0.0,-0.0,0,0,0,0,1,0,0,0,0,0,0,0,0,0,0,0,0,0,0,0,0,0,0,0,./data/./1678773194-747264600/1678773259-955812000.png
-0.0,-0.0,0,0,0,0,0,0,0,0,0,0,0,0,0,0,0,0,0,0,0,0,0,0,0,0,./data/./1678773194-747264600/1678773260-055544100.png
-0.0,-0.0,0,0,0,0,0,0,0,0,0,0,0,0,0,0,0,0,0,0,0,0,0,0,0,0,./data/./1678773194-747264600/1678773260-189187300.png
-0.0,-0.0,0,0,0,0,0,0,0,0,0,0,0,0,0,0,0,0,0,0,0,0,0,0,0,0,./data/./1678773194-747264600/1678773260-310860400.png
-0.0,-0.0,0,0,0,0,1,1,0,0,0,0,0,0,0,0,0,0,0,0,0,0,0,0,0,0,./data/./1678773194-747264600/1678773260-408600000.png
-0.0,-0.0,0,0,0,0,0,1,0,0,0,0,0,0,0,0,0,0,0,0,0,0,0,0,0,0,./data/./1678773194-747264600/1678773260-519302800.png
-0.0,-0.0,0,0,0,0,0,0,0,0,0,0,0,0,0,0,0,0,0,0,0,0,0,0,0,0,./data/./1678773194-747264600/1678773260-655937200.png
-0.0,-0.0,1,0,0,0,0,0,1,0,0,0,0,0,0,0,0,0,0,0,0,0,0,0,0,0,./data/./1678773194-747264600/1678773260-754674000.png
-0.0,-0.0,0,0,0,0,0,0,1,0,0,0,0,0,0,0,0,0,0,0,0,0,0,0,0,0,./data/./1678773194-747264600/1678773260-853410200.png
-0.0,-0.0,0,0,0,0,0,0,1,0,0,0,0,0,0,0,0,0,0,0,0,0,0,0,0,0,./data/./1678773194-747264600/1678773260-949154000.png
-0.0,-0.0,0,0,0,0,0,0,1,0,0,0,0,0,0,0,0,0,0,0,0,0,0,0,0,0,./data/./1678773194-747264600/1678773261-093282500.png
-0.0,-0.0,0,0,0,0,0,0,1,0,0,0,0,0,0,0,0,0,0,0,0,0,0,0,0,0,./data/./1678773194-747264600/1678773261-248382800.png
-0.0,-0.0,0,0,0,0,0,0,1,0,0,0,0,0,0,0,0,0,0,0,0,0,0,0,0,0,./data/./1678773194-747264600/1678773261-368059200.png
-0.0,-0.0,0,0,0,0,0,0,1,0,0,0,0,0,0,0,0,0,0,0,0,0,0,0,0,0,./data/./1678773194-747264600/1678773261-472780200.png
-0.0,-0.0,0,0,0,0,0,0,1,0,0,0,0,0,0,0,0,0,0,0,0,0,0,0,0,0,./data/./1678773194-747264600/1678773261-595451000.png
-0.0,-0.0,0,0,0,0,0,0,1,0,0,0,0,0,0,0,0,0,0,0,0,0,0,0,0,0,./data/./1678773194-747264600/1678773261-707151700.png
-0.0,-0.0,0,0,0,0,0,0,1,0,0,0,0,0,0,0,0,0,0,0,0,0,0,0,0,0,./data/./1678773194-747264600/1678773261-828827000.png
-0.0,-0.0,1,0,0,0,1,0,0,0,0,0,0,0,0,0,0,0,0,0,0,0,0,0,0,0,./data/./1678773194-747264600/1678773261-940531000.png
-0.0,-0.0,0,0,0,0,1,0,0,0,0,0,0,0,0,0,0,0,0,0,0,0,0,0,0,0,./data/./1678773194-747264600/1678773262-040773400.png
-0.0,-0.0,1,0,0,0,1,0,0,0,0,0,0,0,0,0,0,0,0,0,0,0,0,0,0,0,./data/./1678773194-747264600/1678773262-165440000.png
-0.0,-0.0,0,0,0,0,1,0,0,0,0,0,0,0,0,0,0,0,0,0,0,0,0,0,0,0,./data/./1678773194-747264600/1678773262-325013200.png
-0.0,-0.0,0,0,0,0,1,0,0,0,0,0,0,0,0,0,0,0,0,0,0,0,0,0,0,0,./data/./1678773194-747264600/1678773262-418761700.png
-0.0,-0.0,0,0,0,0,0,0,0,0,0,0,0,0,0,0,0,0,0,0,0,0,0,0,0,0,./data/./1678773194-747264600/1678773262-551919200.png
-0.0,-0.0,0,0,0,0,0,0,0,0,0,0,0,0,0,0,0,0,0,0,0,0,0,0,0,0,./data/./1678773194-747264600/1678773262-641198200.png
